admin0,qpwoeiru,true
admin1,qpwoeiru,true
admin2,qpwoeiru,true
admin3,qpwoeiru,true
admin4,qpwoeiru,true
admin5,qpwoeiru,true
admin6,qpwoeiru,true
admin7,qpwoeiru,true
admin8,qpwoeiru,true
admin9,qpwoeiru,true
admin10,qpwoeiru,true
admin11,qpwoeiru,true
admin12,qpwoeiru,true
admin13,qpwoeiru,true
admin14,qpwoeiru,true
admin15,qpwoeiru,true
admin16,qpwoeiru,true
admin17,qpwoeiru,true
admin18,qpwoeiru,true
admin19,qpwoeiru,true
admin20,qpwoeiru,true
admin21,qpwoeiru,true
admin22,qpwoeiru,true
admin23,qpwoeiru,true
admin24,qpwoeiru,true
admin25,qpwoeiru,true
admin26,qpwoeiru,true
admin27,qpwoeiru,true
admin28,qpwoeiru,true
admin29,qpwoeiru,true
admin30,qpwoeiru,true
admin31,qpwoeiru,true
admin32,qpwoeiru,true
admin33,qpwoeiru,true
admin34,qpwoeiru,true
admin35,qpwoeiru,true
admin36,qpwoeiru,true
admin37,qpwoeiru,true
admin38,qpwoeiru,true
admin39,qpwoeiru,true
admin40,qpwoeiru,true
admin41,qpwoeiru,true
admin42,qpwoeiru,true
admin43,qpwoeiru,true
admin44,qpwoeiru,true
admin45,qpwoeiru,true
admin46,qpwoeiru,true
admin47,qpwoeiru,true
admin48,qpwoeiru,true
admin49,qpwoeiru,true
admin50,qpwoeiru,true
admin51,qpwoeiru,true
admin52,qpwoeiru,true
admin53,qpwoeiru,true
admin54,qpwoeiru,true
admin55,qpwoeiru,true
admin56,qpwoeiru,true
admin57,qpwoeiru,true
admin58,qpwoeiru,true
admin59,qpwoeiru,true
admin60,qpwoeiru,true
admin61,qpwoeiru,true
admin62,qpwoeiru,true
admin63,qpwoeiru,true
admin64,qpwoeiru,true
admin65,qpwoeiru,true
admin66,qpwoeiru,true
admin67,qpwoeiru,true
admin68,qpwoeiru,true
admin69,qpwoeiru,true
admin70,qpwoeiru,true
admin71,qpwoeiru,true
admin72,qpwoeiru,true
admin73,qpwoeiru,true
admin74,qpwoeiru,true
admin75,qpwoeiru,true
admin76,qpwoeiru,true
admin77,qpwoeiru,true
admin78,qpwoeiru,true
admin79,qpwoeiru,true
admin80,qpwoeiru,true
admin81,qpwoeiru,true
admin82,qpwoeiru,true
admin83,qpwoeiru,true
admin84,qpwoeiru,true
admin85,qpwoeiru,true
admin86,qpwoeiru,true
admin87,qpwoeiru,true
admin88,qpwoeiru,true
admin89,qpwoeiru,true
admin90,qpwoeiru,true
admin91,qpwoeiru,true
admin92,qpwoeiru,true
admin93,qpwoeiru,true
admin94,qpwoeiru,true
admin95,qpwoeiru,true
admin96,qpwoeiru,true
admin97,qpwoeiru,true
admin98,qpwoeiru,true
admin99,qpwoeiru,true
user0,qpwoeiru,false
user1,qpwoeiru,false
user2,qpwoeiru,false
user3,qpwoeiru,false
user4,qpwoeiru,false
user5,qpwoeiru,false
user6,qpwoeiru,false
user7,qpwoeiru,false
user8,qpwoeiru,false
user9,qpwoeiru,false
user10,qpwoeiru,false
user11,qpwoeiru,false
user12,qpwoeiru,false
user13,qpwoeiru,false
user14,qpwoeiru,false
user15,qpwoeiru,false
user16,qpwoeiru,false
user17,qpwoeiru,false
user18,qpwoeiru,false
user19,qpwoeiru,false
user20,qpwoeiru,false
user21,qpwoeiru,false
user22,qpwoeiru,false
user23,qpwoeiru,false
user24,qpwoeiru,false
user25,qpwoeiru,false
user26,qpwoeiru,false
user27,qpwoeiru,false
user28,qpwoeiru,false
user29,qpwoeiru,false
user30,qpwoeiru,false
user31,qpwoeiru,false
user32,qpwoeiru,false
user33,qpwoeiru,false
user34,qpwoeiru,false
user35,qpwoeiru,false
user36,qpwoeiru,false
user37,qpwoeiru,false
user38,qpwoeiru,false
user39,qpwoeiru,false
user40,qpwoeiru,false
user41,qpwoeiru,false
user42,qpwoeiru,false
user43,qpwoeiru,false
user44,qpwoeiru,false
user45,qpwoeiru,false
user46,qpwoeiru,false
user47,qpwoeiru,false
user48,qpwoeiru,false
user49,qpwoeiru,false
user50,qpwoeiru,false
user51,qpwoeiru,false
user52,qpwoeiru,false
user53,qpwoeiru,false
user54,qpwoeiru,false
user55,qpwoeiru,false
user56,qpwoeiru,false
user57,qpwoeiru,false
user58,qpwoeiru,false
user59,qpwoeiru,false
user60,qpwoeiru,false
user61,qpwoeiru,false
user62,qpwoeiru,false
user63,qpwoeiru,false
user64,qpwoeiru,false
user65,qpwoeiru,false
user66,qpwoeiru,false
user67,qpwoeiru,false
user68,qpwoeiru,false
user69,qpwoeiru,false
user70,qpwoeiru,false
user71,qpwoeiru,false
user72,qpwoeiru,false
user73,qpwoeiru,false
user74,qpwoeiru,false
user75,qpwoeiru,false
user76,qpwoeiru,false
user77,qpwoeiru,false
user78,qpwoeiru,false
user79,qpwoeiru,false
user80,qpwoeiru,false
user81,qpwoeiru,false
user82,qpwoeiru,false
user83,qpwoeiru,false
user84,qpwoeiru,false
user85,qpwoeiru,false
user86,qpwoeiru,false
user87,qpwoeiru,false
user88,qpwoeiru,false
user89,qpwoeiru,false
user90,qpwoeiru,false
user91,qpwoeiru,false
user92,qpwoeiru,false
user93,qpwoeiru,false
user94,qpwoeiru,false
user95,qpwoeiru,false
user96,qpwoeiru,false
user97,qpwoeiru,false
user98,qpwoeiru,false
user99,qpwoeiru,false